file,format,width_px,height_px,size_bytes,sha256
Dulcinea_Logo_Usage_Guide.pdf,PDF,,,563688,893fdf8a1bb92ba9fd7078be0e049eb3b0ff8c225cde9123ec18bb0666bb4eab
README.md,MD,,,4549,945ccabe6bc1848f63900e342c1945c947af4a3003a455cea7959a44d08ce637
dulcinea/eps/dulcinea-color-on-dark.eps,EPS,,,10847,a280e09db58f1f240fbf22933c58a5643387c46cf423a1c781bf7db3a07e78ed
dulcinea/eps/dulcinea-color-on-light.eps,EPS,,,10847,22a3c1eb5c174820ea865ca3c56ebbed8533e4d11ee9c6d54b281074f64fa533
dulcinea/eps/dulcinea-mono-black.eps,EPS,,,10762,e844b68fe546468b8adae76ef4102bbe0974e99bc0edff256439300408fd421f
dulcinea/eps/dulcinea-mono-white.eps,EPS,,,10762,e04c679926445ea9a9613e9cee98a43d322f1cacf51cc8da568676669cc98bc6
dulcinea/jpg/dulcinea-color-on-dark-2048.jpg,JPG,2048,542,95750,7cdbbb4b2e2c83816c4cd94c08c65a8a5bf1239d0b90e46b2ea73f77fda0df15
dulcinea/jpg/dulcinea-color-on-light-2048.jpg,JPG,2048,542,95845,e15ecfadf672ba2f79d9364e7333948c20e8c2cb2218060fddceb7c70570b3c4
dulcinea/pdf/dulcinea-color-on-dark.pdf,PDF,,,4750,81e5c1554a2e50b1ed81ed19ac118f18b6a1efec2697f42b78e7980d3db35264
dulcinea/pdf/dulcinea-color-on-light.pdf,PDF,,,4748,5e8b32c383b71cd68e3a6b3d82b2ba074e8990919dd37d32adf595bcd902dec5
dulcinea/pdf/dulcinea-mono-black.pdf,PDF,,,4714,6e6d61db6f5986ecf51da7e1aff925b7616e233785ccf3942e11e0f7922321a4
dulcinea/pdf/dulcinea-mono-white.pdf,PDF,,,4716,f1787de052f01cab9e1d6a4320288c22f9b8f26356317c2f0d7eae7e5006cce7
dulcinea/png/dulcinea-color-on-dark-1024.png,PNG,1024,271,27029,c5944c9b571ab49a2d5ebedc2c605685b5bdab6289ed5731048b4c0697ad9f7e
dulcinea/png/dulcinea-color-on-dark-2048.png,PNG,2048,542,57491,0db43d4364b422f340db6c307277df2007e1d172a979de3c3e32c9d90e1a5944
dulcinea/png/dulcinea-color-on-dark-512.png,PNG,512,135,12772,27ffb94eae3676cfa3a34aafd0e87118f1d971fc4f5748a0860112fba71d9a4c
dulcinea/png/dulcinea-color-on-light-1024.png,PNG,1024,271,28233,41786ce8c4856bd1d1d207d6c32d5523b3e4478889a9741fcb34315571c71435
dulcinea/png/dulcinea-color-on-light-2048.png,PNG,2048,542,60011,e4477fe5e88cf0725d598d93168b682b137d6a17ff7342e5489595344c563db9
dulcinea/png/dulcinea-color-on-light-512.png,PNG,512,135,13365,9df3ccfed529955804f53e23c9583116f6897c46eddc244367540b72434536e6
dulcinea/png/dulcinea-mono-black-1024.png,PNG,1024,271,20401,762c68e5c3f841da4024073005bbbe2edaa450e4c781a1de6728b13eb67f74cb
dulcinea/png/dulcinea-mono-black-2048.png,PNG,2048,542,45269,489b628d3ae1eee388e55e3ee18614afe0e1871ffa960fed86edf1c303b85599
dulcinea/png/dulcinea-mono-black-512.png,PNG,512,135,9468,1b68d77b7fe347b6886e194ff0543975975f4dedf71c435fc72eac6d9d035641
dulcinea/png/dulcinea-mono-white-1024.png,PNG,1024,271,18896,6711f9358a1f2261cd426d17943748e5396a362dfdc6d5261039d917d757d0cf
dulcinea/png/dulcinea-mono-white-2048.png,PNG,2048,542,41757,25a8301d4234067cda446891d5345c3025e981e787e281bad60a70f0a82f3976
dulcinea/png/dulcinea-mono-white-512.png,PNG,512,135,8759,8edfeeac25cba997bfc2e2b5f553717a3cf2602b0b84a5be5b45edc75bd278c3
dulcinea/svg/dulcinea-color-on-dark.svg,SVG,2135,565,8511,99b4d0b7468615e7fc08ce61d01c46ccaab83345ba532bb755d3aa617416acde
dulcinea/svg/dulcinea-color-on-light.svg,SVG,2135,565,8511,7995d4178e060daf410d5451eac7eecb2d08c8295566a5add74e2ff2f4880058
dulcinea/svg/dulcinea-mono-black.svg,SVG,2135,565,8511,2e9f215cffc6e4b104a0bc0cb3887d6b6eaf756725b0657ffbf3fcc413be04b3
dulcinea/svg/dulcinea-mono-white.svg,SVG,2135,565,8511,e4e7f0b9b8525faa5670b6cbe99af834bb5b83ca54c9046eb3930ef29700ea8d
dulcinea/webp/dulcinea-color-on-dark-1024.webp,WEBP,1024,271,11128,65a3b72b78567185dbac6a333e4a963c6a9232e49fc4a0c197558d200c654056
dulcinea/webp/dulcinea-color-on-light-1024.webp,WEBP,1024,271,11008,ac2358327cdca07a1374b937c9e7a76623c8363860df3210c09b070ecee02907
dulcinea/webp/dulcinea-mono-black-1024.webp,WEBP,1024,271,9304,e3beb3c776d4ad9fe6174413983185a5b00056e664200aceb3b817c96da30f8b
dulcinea/webp/dulcinea-mono-white-1024.webp,WEBP,1024,271,9310,30fba0eca8c9c7033e25483f278d963f5357a26d6ed142b99e66f3bc78082cbc
dulcinea-one/eps/dulcinea-one-color-on-dark.eps,EPS,,,12447,b7cc09d0b9d7ee4a58e9589e06db5cb956fa1f975f88abcfd48fd310513d4edc
dulcinea-one/eps/dulcinea-one-color-on-light.eps,EPS,,,12447,5e10c34bee125bf2f014728b5753ce40e102ce798fd6b6b09c983f8f2c7e00b1
dulcinea-one/eps/dulcinea-one-mono-black.eps,EPS,,,12303,c82f17f8214ce3453630a500b8e4a2e9c13b45e6b1fb6461c0c8267c8424586d
dulcinea-one/eps/dulcinea-one-mono-white.eps,EPS,,,12303,0fefc7893987ca4c78eb30bd196f61aeeef144ea1942a6ffdd8da98e329c74da
dulcinea-one/jpg/dulcinea-one-color-on-dark-2048.jpg,JPG,2048,624,110644,25527a0087fc808d57b80b84f64a988df9aa03bef7069213b353d4c37470e33d
dulcinea-one/jpg/dulcinea-one-color-on-light-2048.jpg,JPG,2048,624,110558,ae3e15fec001c77d9afe7db2ff81437b63d5ed3d2f2e118c30c86ac3c2892cdb
dulcinea-one/pdf/dulcinea-one-color-on-dark.pdf,PDF,,,5407,dfb7dfabf59449fdd9ebcac3c3631ce35ea87eef5954862e3da271c3e97b18ef
dulcinea-one/pdf/dulcinea-one-color-on-light.pdf,PDF,,,5405,d9cefaf82e97c3804335e23dcb39f4a4c18c3e2c0a83e092305c34bab12f04bc
dulcinea-one/pdf/dulcinea-one-mono-black.pdf,PDF,,,5365,b77dd989f353220a080d47dfca263dbf2cce22306bf47deb9ac5274c87d70451
dulcinea-one/pdf/dulcinea-one-mono-white.pdf,PDF,,,5366,b942bb4bc25232133c5c3b8418f53fd6aba4d66cd16411ed26e21a1b24ac1f54
dulcinea-one/png/dulcinea-one-color-on-dark-1024.png,PNG,1024,312,30223,71797241b6b3f20e39241f10ca4dd4543616b12a13cd0a01f535b18e28dfaf16
dulcinea-one/png/dulcinea-one-color-on-dark-2048.png,PNG,2048,624,64790,303974736f749a19d5ba1715727246a75b0b5ac56a34db7f58103380a7c64b38
dulcinea-one/png/dulcinea-one-color-on-dark-512.png,PNG,512,156,14553,1ad5bf2f2f8edaae9ff5b24c8595a3ecda5ec08790e7cc46f574faeef17e82c1
dulcinea-one/png/dulcinea-one-color-on-light-1024.png,PNG,1024,312,31694,c93a656a7541dd9240f1f57b8d2836d8a2f5a3fbbe8efbdaea23382c5d0b34f5
dulcinea-one/png/dulcinea-one-color-on-light-2048.png,PNG,2048,624,67457,d04fb66fa9b693128c0f65d9ebc1adf4d65401694fb8dbcefabc967215200e8a
dulcinea-one/png/dulcinea-one-color-on-light-512.png,PNG,512,156,15281,e7584148af85d1ba852371cf775507975d53bd042b168e1a5fdf7c835b629141
dulcinea-one/png/dulcinea-one-mono-black-1024.png,PNG,1024,312,22850,9697ec266820a07705314a51009a1306a51745d5b263ebfdc5124da2cd7670b0
dulcinea-one/png/dulcinea-one-mono-black-2048.png,PNG,2048,624,50869,fae9278447ee0a563e0d4a066c966074a91380ffbabd89041451a17c6e48e043
dulcinea-one/png/dulcinea-one-mono-black-512.png,PNG,512,156,10776,8c2dab5ae257d8a48ed398d2573f239e891f8237f370c4431cb2c479a612f4ec
dulcinea-one/png/dulcinea-one-mono-white-1024.png,PNG,1024,312,21098,454bffdd18f3376001aa1693d1236c2b2b11d7d8770cf4a9f49517583fa9dd5d
dulcinea-one/png/dulcinea-one-mono-white-2048.png,PNG,2048,624,47158,c526e05a2f9fbf2c7cbe0679f6f95d9e7fa972970298c35eccee0d74c0ebbf3c
dulcinea-one/png/dulcinea-one-mono-white-512.png,PNG,512,156,9995,d3e3f732d16fbb6700dc195675c90cea5b82b088dee0f2fb62a9a2bc86903d0f
dulcinea-one/svg/dulcinea-one-color-on-dark.svg,SVG,2135,650,10167,cec836bba2bacae9ba036a8326edbdd81b404168dbb82e7f494bb8977a2bb260
dulcinea-one/svg/dulcinea-one-color-on-light.svg,SVG,2135,650,10167,f0c0bd0f1147f06f413c9e6a201a4a9af0ca93f33edefe6030efe2d3506ff7d6
dulcinea-one/svg/dulcinea-one-mono-black.svg,SVG,2135,650,10167,9bfc6caee841448e1d380b4e89943324784e621945b81e8b9470e8934b503d7f
dulcinea-one/svg/dulcinea-one-mono-white.svg,SVG,2135,650,10167,e755b267405e80805b521a0db0903f0015c59c61971e866d052d2a94795869e4
dulcinea-one/webp/dulcinea-one-color-on-dark-1024.webp,WEBP,1024,312,12324,2733a109ac007e21047c48feea980bdcf030ad1dd9d628cf70a4029d448fed90
dulcinea-one/webp/dulcinea-one-color-on-light-1024.webp,WEBP,1024,312,12156,a673eb75acc9e8de8ef62fbcfafa458f5d39df78609bd8b80059732a0f3979cf
dulcinea-one/webp/dulcinea-one-mono-black-1024.webp,WEBP,1024,312,10418,eebe833252486d97248dd2825d475e21d287e300977518d7c6636f01784d74d3
dulcinea-one/webp/dulcinea-one-mono-white-1024.webp,WEBP,1024,312,10424,d16dcdfa12a5b68575ca8bc0a9110ed4376155fc8a61aacbbd49b03c6cb78860
favicon/app-icon.svg,SVG,512,512,2068,1ebc5f2021ee19cc341a624c088a96f50611f6d736986823e022a2d004f5a0aa
favicon/apple-touch-icon.png,PNG,180,180,5770,5f16ab04cd99f98adbc6586e25ff6706ba568ef8cd015669c628f6d4a40ad8e5
favicon/dulcinea-one.webmanifest,WEBMANIFEST,,,554,aeb5ced9a860799ff4aa8291046936b967fe62d7d8f5018b0ca6e78d0737bd46
favicon/dulcinea.webmanifest,WEBMANIFEST,,,546,555bf4a7deebeb81c66d5c85876a5911fed97a6553779572d593c19598845114
favicon/favicon-16x16.png,PNG,16,16,617,14c5f22e709e9e27a1540001cecbc0f2eab22808f85728dff95ee8625fad0f2f
favicon/favicon-32x32.png,PNG,32,32,1107,1a277c06c15fd43c5a1603d3dd41f6a345e3822b366fcce8294b023f15134297
favicon/favicon-48x48.png,PNG,48,48,1616,661cc5141f17580bc3c16c8b7b5928496f460d2f1d8273f563f2f19b7ab846d5
favicon/favicon-64x64.png,PNG,64,64,2076,1e4836f12fea398c52d894cec84adf51a1ee22d830c72e80189f8c38c5e19e71
favicon/favicon.ico,ICO,64,64,32038,b04e53af59b20f7ccfbff64e4bfa7ddfee8f127e751a6f23493f8eb7d974718c
favicon/favicon.svg,SVG,512,512,2188,e638fe802fb710b321e0240efab1c6f3633e3b4bacfd68f45ac5539fbdad8120
favicon/icon-192.png,PNG,192,192,6148,23961cd4e72429ce4bcaed995458a0c5976f5826165abd760d73621cc232274d
favicon/icon-512.png,PNG,512,512,17680,7b6863ab83d3e44a8b4b7cc390dee3eeb9d7364acf5364840c65c2b43ce45d18
favicon/maskable-icon-512.png,PNG,512,512,11592,c325f8cbc2bcea147a6af7b4fe334e0a7ed776c93930ab6fa0375e9de7724b22
favicon/maskable-icon.svg,SVG,512,512,2080,74bede4481206629c8b8ee3e016581273f7181a5fb9b65f51f400804106b453e
favicon/safari-pinned-tab.svg,SVG,512,512,2032,35006268bebc1e7e3de468e3775b940ac88f076a8ec5f3518ba97d341e9b7e46
favicon/social-avatar.png,PNG,1024,1024,38421,c9371d94c6b0f3c8ef858a5379e10cda80477180cb587608ea80f2e470add9a1
index.html,HTML,,,10448,e18f7b922d2e53f44c237d526a6a38c4dc140c012aed6fa92cc3982b0a942a71
opengraph/dulcinea-og-dark-1200x630.jpg,JPG,1200,630,74070,54844d42c57e4f0bb94a9f4f67492da79d0a4bb70b7f545c832ff32f560a045e
opengraph/dulcinea-og-dark-1200x630.png,PNG,1200,630,57105,1394d1e8022def6835b6d917a54a4363dd4f67bf622bd8ccd7424ade4acea31a
opengraph/dulcinea-og-dark-1200x630.svg,SVG,1200,630,57894,fcb6ef3ecc76b715625b40dce854a9838115e5f77291000d4d784e9fb3a3fd2b
opengraph/dulcinea-og-light-1200x630.jpg,JPG,1200,630,76150,1dc2207dc32fe7b4f238a9abca5ebaf18c9434877ede2567f1fe7525c035fc48
opengraph/dulcinea-og-light-1200x630.png,PNG,1200,630,57167,eebdee89531bf2eea079827e29944b29c8da21160d8abb0829641887f056ab4b
opengraph/dulcinea-og-light-1200x630.svg,SVG,1200,630,57894,1ad03b68dd34c492acf1f7c246920e4c2fa0f0a1b78408b9cbfb795900a31140
opengraph/dulcinea-one-og-dark-1200x630.jpg,JPG,1200,630,76938,8f43dcf38bcc18f1bd81bd764725acfc20848e8ef9832fdced8fd2f1d14a2311
opengraph/dulcinea-one-og-dark-1200x630.png,PNG,1200,630,58734,7c6ceec7247f7d5b24f13ad2eb830f16ff705bd692966a92f2fcb1f265efaf7f
opengraph/dulcinea-one-og-dark-1200x630.svg,SVG,1200,630,56974,73e0bd2216599d61c35f660962ef8057f5d09e29141dc546a6fdefca6eb6a08f
opengraph/dulcinea-one-og-light-1200x630.jpg,JPG,1200,630,79027,f5d5e9a1e6334e488e5555c2ffbf5c89ee3f354081093a7b8f994dac44195837
opengraph/dulcinea-one-og-light-1200x630.png,PNG,1200,630,58802,b0c3fde427e9b616f65ecba831f48a0da1d307c9c3d1b36c7e26331515a62b5d
opengraph/dulcinea-one-og-light-1200x630.svg,SVG,1200,630,56974,69a3a5ab82d7eee65cad83d719ae7d46fc720775c4cacd54c2b4a775817aa35f
palette/dulcinea-colors.css,CSS,,,187,d4866c4ecda5ff898b3cdacbcda72ab819883ce8e3ee7fef8db64dbfce4ef7a4
palette/dulcinea-colors.gpl,GPL,,,161,e0cbed7c3c2d50e9cdb6346b55af7c2c5da0b08a02d4aed4093e3c450e2c952a
palette/dulcinea-colors.json,JSON,,,831,9d53732f9d7e9f3f810a2f28a6414b8040d205eff34300a83afd487ddd2526c1
shared-symbol/png/dulcinea-symbol-color-on-dark-1024.png,PNG,1024,1024,30338,6878f898d4b37663bbc49ff3027ace8ee4c305f7909a36cf8982d1cc87aee426
shared-symbol/png/dulcinea-symbol-color-on-dark-256.png,PNG,256,256,6443,f8323f722923e2bb16fed72b2cb908ec6fd93d7a44b21fc7fc6d6c2d5ed4df98
shared-symbol/png/dulcinea-symbol-color-on-dark-512.png,PNG,512,512,13785,c32dcd06887990cf3812e3cafba9fde19388e7b2fde1d4cbb60ab98ab0980fe6
shared-symbol/png/dulcinea-symbol-color-on-light-1024.png,PNG,1024,1024,31151,7432447433958cfd1c95d7741530e6ea6f1010c8108aa1df945751a8430ca00a
shared-symbol/png/dulcinea-symbol-color-on-light-256.png,PNG,256,256,6616,f378795f7cb7a8a75da4758e5e5bedf3062e3c05a44adb3024b619e3997137ed
shared-symbol/png/dulcinea-symbol-color-on-light-512.png,PNG,512,512,14077,714ff5d038bb15c1fc9f912c7caa6b9c40365a5939552af7e74260819e8b6a9d
shared-symbol/png/dulcinea-symbol-mono-black-1024.png,PNG,1024,1024,24419,1cf0cb6edde3f2328626925f1bd651c5133120874e91097d4cc036db875841b4
shared-symbol/png/dulcinea-symbol-mono-black-256.png,PNG,256,256,5085,94bbcb46c2b038c6d62309fd72083a6fbdad9b29c3297e5ebc548476c1febaf7
shared-symbol/png/dulcinea-symbol-mono-black-512.png,PNG,512,512,11015,9a5a300c236dfa4968b54290b615d748b50c708cf6f21438f402646c743387fe
shared-symbol/png/dulcinea-symbol-mono-white-1024.png,PNG,1024,1024,22802,7ce4dea4d8d26375a8a6b39bd054a30a4f9efd2256ae38936d7e8cf8a97a1872
shared-symbol/png/dulcinea-symbol-mono-white-256.png,PNG,256,256,4747,4c31c7e82849b97c708c0a92b49bbc33cfe5d087eac00997554e6563852fa208
shared-symbol/png/dulcinea-symbol-mono-white-512.png,PNG,512,512,10285,f5ceb0be512e8ef8b6cbdd3a7da7a6f79b0d24880c31fd87adad4949cef75e8d
shared-symbol/svg/dulcinea-symbol-color-on-dark.svg,SVG,512,512,2026,b805329d7d45cf5e712e936a9abfbd3da97e7d82836f1f9fc62dec499a2f7921
shared-symbol/svg/dulcinea-symbol-color-on-light.svg,SVG,512,512,2026,a8120888b90639a06167c817d72f49a029c3542a5cdaa8f6563f0761d8f7481d
shared-symbol/svg/dulcinea-symbol-mono-black.svg,SVG,512,512,2026,39a61229a57e87f31224f8a333f702a3f3214e612c1a824358306c5c3ccc40bd
shared-symbol/svg/dulcinea-symbol-mono-white.svg,SVG,512,512,2026,6d09477dd3a0b03f34bd7106f6dc4bb0f608f71020f6281e227a34e15f3643fe
web-integration/dulcinea-head.txt,TXT,,,1829,a3f24b1338efb121bc950d875edfc7c15fc9d357bb4fe73dfbf8de2c4ab42794
web-integration/dulcinea-one-head.txt,TXT,,,1873,a0571cfdce837dd98c9c6987c720110b747aff743ccadc2a77f3e9baa6391020
